0;537500;2;16;0,050279827
0;537500;2;32;0,048105128
0;537500;2;48;0,036886194
0;537500;2;64;0,030695621
0;537500;2;80;0,027494762
0;537500;2;96;0,026345847
0;537500;2;112;0,02508351
0;537500;2;128;0,024364627
0;537500;2;144;0,023027206
0;537500;2;160;0,022883846
0;537500;2;176;0,02204295
0;537500;2;192;0,022077884
0;537500;2;208;0,021736851
0;537500;2;224;0,021882257
0;537500;2;240;0,021134213
0;537500;2;256;0,021555879
0;537500;2;272;0,021119711
0;537500;2;288;0,021506973
0;537500;2;304;0,021063818
0;537500;2;320;0,021146161
0;537500;2;336;0,021320329
0;537500;2;352;0,021017976
0;537500;2;368;0,020829265
0;537500;2;384;0,021265932
0;537500;2;400;0,021182092
0;537500;2;416;0,021017477
0;537500;2;432;0,020573021
0;537500;2;448;0,020853719
0;537500;2;464;0,021144664
0;537500;2;480;0,021421635
0;537500;2;496;0,021260942
0;537500;2;512;0,021026389
0;537500;2;528;0,020844736
0;537500;2;544;0,020637337
0;537500;2;560;0,020885159
0;537500;2;576;0,021141669
0;537500;2;592;0,021327814
0;537500;2;608;0,021532923
0;537500;2;624;0,021541293
0;537500;2;640;0,021469544
0;537500;2;656;0,021360202
0;537500;2;672;0,021184101
0;537500;2;688;0,020963509
0;537500;2;704;0,020954121
0;537500;2;720;0,02060669
0;537500;2;736;0,020849227
0;537500;2;752;0,020917204
0;537500;2;768;0,021126199
0;537500;2;784;0,021307353
0;537500;2;800;0,021438603
0;537500;2;816;0,02173354
0;537500;2;832;0,021788935
0;537500;2;848;0,022046943
0;537500;2;864;0,02203796
0;537500;2;880;0,022030474
0;537500;2;896;0,021780451
0;537500;2;912;0,021726554
0;537500;2;928;0,021735038
0;537500;2;944;0,021441597
0;537500;2;960;0,021539411
0;537500;2;976;0,021213033
0;537500;2;992;0,021134184
0;537500;2;1008;0,021277411
0;537500;2;1024;0,021005504
0;537500;4;16;0,031682935
0;537500;4;32;0,030535036
0;537500;4;48;0,02505755
0;537500;4;64;0,021676649
0;537500;4;80;0,02048592
0;537500;4;96;0,019880548
0;537500;4;112;0,019043173
0;537500;4;128;0,018876818
0;537500;4;144;0,018459262
0;537500;4;160;0,01799345
0;537500;4;176;0,018027362
0;537500;4;192;0,017825889
0;537500;4;208;0,017807735
0;537500;4;224;0,017434412
0;537500;4;240;0,017704967
0;537500;4;256;0,017642109
0;537500;4;272;0,017023487
0;537500;4;288;0,017221968
0;537500;4;304;0,017371078
0;537500;4;320;0,017666804
0;537500;4;336;0,017762055
0;537500;4;352;0,017210498
0;537500;4;368;0,016883353
0;537500;4;384;0,017052411
0;537500;4;400;0,017204015
0;537500;4;416;0,01738519
0;537500;4;432;0,017610182
0;537500;4;448;0,017736396
0;537500;4;464;0,017876579
0;537500;4;480;0,017995311
0;537500;4;496;0,017724653
0;537500;4;512;0,017510713
0;537500;4;528;0,017229448
0;537500;4;544;0,016802564
0;537500;4;560;0,01696863
0;537500;4;576;0,017144171
0;537500;4;592;0,017270341
0;537500;4;608;0,017302134
0;537500;4;624;0,017489577
0;537500;4;640;0,01757305
0;537500;4;656;0,017720664
0;537500;4;672;0,017802149
0;537500;4;688;0,018017388
0;537500;4;704;0,018094686
0;537500;4;720;0,018143059
0;537500;4;736;0,018257219
0;537500;4;752;0,018478682
0;537500;4;768;0,018548499
0;537500;4;784;0,018633867
0;537500;4;800;0,01875097
0;537500;4;816;0,018929004
0;537500;4;832;0,019108036
0;537500;4;848;0,019123496
0;537500;4;864;0,019193102
0;537500;4;880;0,019057169
0;537500;4;896;0,018970895
0;537500;4;912;0,018874822
0;537500;4;928;0,01886235
0;537500;4;944;0,018633368
0;537500;4;960;0,018501167
0;537500;4;976;0,018400395
0;537500;4;992;0,018257717
0;537500;4;1008;0,018131004
0;537500;4;1024;0,0180892
0;537500;6;16;0,025374058
0;537500;6;32;0,024780228
0;537500;6;48;0,020762393
0;537500;6;64;0,019083351
0;537500;6;80;0,017651345
0;537500;6;96;0,017676778
0;537500;6;112;0,017067908
0;537500;6;128;0,017045429
0;537500;6;144;0,016358725
0;537500;6;160;0,016610686
0;537500;6;176;0,016397623
0;537500;6;192;0,016240534
0;537500;6;208;0,016330733
0;537500;6;224;0,016469605
0;537500;6;240;0,015882969
0;537500;6;256;0,015924723
0;537500;6;272;0,015994516
0;537500;6;288;0,016244773
0;537500;6;304;0,016304866
0;537500;6;320;0,016460958
0;537500;6;336;0,016507991
0;537500;6;352;0,016031082
0;537500;6;368;0,01558224
0;537500;6;384;0,015800591
0;537500;6;400;0,015902788
0;537500;6;416;0,015961264
0;537500;6;432;0,016085439
0;537500;6;448;0,016217095
0;537500;6;464;0,016297616
0;537500;6;480;0,016625642
0;537500;6;496;0,016710804
0;537500;6;512;0,016767222
0;537500;6;528;0,016928734
0;537500;6;544;0,01708333
0;537500;6;560;0,017279816
0;537500;6;576;0,017401498
0;537500;6;592;0,01767703
0;537500;6;608;0,017799458
0;537500;6;624;0,017761058
0;537500;6;640;0,017530162
0;537500;6;656;0,017289671
0;537500;6;672;0,017179498
0;537500;6;688;0,016874377
0;537500;6;704;0,016945191
0;537500;6;720;0,01645996
0;537500;6;736;0,016605952
0;537500;6;752;0,016769152
0;537500;6;768;0,016648467
0;537500;6;784;0,016685273
0;537500;6;800;0,016821515
0;537500;6;816;0,016783052
0;537500;6;832;0,016830944
0;537500;6;848;0,016998066
0;537500;6;864;0,017168249
0;537500;6;880;0,017001059
0;537500;6;896;0,017049419
0;537500;6;912;0,017172671
0;537500;6;928;0,017040941
0;537500;6;944;0,017149158
0;537500;6;960;0,017208503
0;537500;6;976;0,017102281
0;537500;6;992;0,017366091
0;537500;6;1008;0,017404147
0;537500;6;1024;0,017504034
0;537500;8;16;0,022486604
0;537500;8;32;0,021727552
0;537500;8;48;0,019282217
0;537500;8;64;0,017563288
0;537500;8;80;0,016701329
0;537500;8;96;0,016514318
0;537500;8;112;0,016038562
0;537500;8;128;0,016264471
0;537500;8;144;0,01573336
0;537500;8;160;0,015783642
0;537500;8;176;0,01574376
0;537500;8;192;0,015400778
0;537500;8;208;0,015470571
0;537500;8;224;0,015627605
0;537500;8;240;0,015851052
0;537500;8;256;0,015783642
0;537500;8;272;0,015199257
0;537500;8;288;0,015145536
0;537500;8;304;0,015323508
0;537500;8;320;0,015401775
0;537500;8;336;0,015512447
0;537500;8;352;0,01570294
0;537500;8;368;0,015846954
0;537500;8;384;0,016015622
0;537500;8;400;0,016166505
0;537500;8;416;0,016391836
0;537500;8;432;0,016469435
0;537500;8;448;0,016764231
0;537500;8;464;0,016941701
0;537500;8;480;0,017247401
0;537500;8;496;0,016812538
0;537500;8;512;0,016536609
0;537500;8;528;0,016371981
0;537500;8;544;0,015952288
0;537500;8;560;0,015947156
0;537500;8;576;0,015947301
0;537500;8;592;0,015990687
0;537500;8;608;0,016054022
0;537500;8;624;0,016106581
0;537500;8;640;0,016143075
0;537500;8;656;0,0161388
0;537500;8;672;0,016195918
0;537500;8;688;0,016271453
0;537500;8;704;0,016427356
0;537500;8;720;0,016428542
0;537500;8;736;0,016466268
0;537500;8;752;0,016444501
0;537500;8;768;0,016512663
0;537500;8;784;0,01650584
0;537500;8;800;0,016591616
0;537500;8;816;0,016546733
0;537500;8;832;0,016748705
0;537500;8;848;0,016856885
0;537500;8;864;0,016982095
0;537500;8;880;0,016981603
0;537500;8;896;0,01712173
0;537500;8;912;0,017024983
0;537500;8;928;0,01708333
0;537500;8;944;0,016967633
0;537500;8;960;0,01703745
0;537500;8;976;0,017073855
0;537500;8;992;0,017166684
0;537500;8;1008;0,017319213
0;537500;8;1024;0,017325696
0;537500;10;16;0,020333524
0;537500;10;32;0,020136968
0;537500;10;48;0,017621922
0;537500;10;64;0,016594734
0;537500;10;80;0,016156535
0;537500;10;96;0,015934195
0;537500;10;112;0,01545063
0;537500;10;128;0,015627637
0;537500;10;144;0,015066271
0;537500;10;160;0,015118468
0;537500;10;176;0,015343879
0;537500;10;192;0,015470049
0;537500;10;208;0,015395295
0;537500;10;224;0,014732263
0;537500;10;240;0,014918211
0;537500;10;256;0,015252718
0;537500;10;272;0,015267578
0;537500;10;288;0,015384826
0;537500;10;304;0,015625143
0;537500;10;320;0,015923862
0;537500;10;336;0,01600864
0;537500;10;352;0,01628043
0;537500;10;368;0,016543094
0;537500;10;384;0,016718285
0;537500;10;400;0,016593611
0;537500;10;416;0,016522297
0;537500;10;432;0,015816642
0;537500;10;448;0,015810063
0;537500;10;464;0,015751812
0;537500;10;480;0,015918242
0;537500;10;496;0,015746895
0;537500;10;512;0,015890695
0;537500;10;528;0,015821529
0;537500;10;544;0,015918242
0;537500;10;560;0,015878361
0;537500;10;576;0,015937825
0;537500;10;592;0,0159661
0;537500;10;608;0,016105686
0;537500;10;624;0,016147278
0;537500;10;640;0,016177698
0;537500;10;656;0,016141293
0;537500;10;672;0,016112166
0;537500;10;688;0,016227823
0;537500;10;704;0,016380668
0;537500;10;720;0,016412085
0;537500;10;736;0,016481404
0;537500;10;752;0,016481404
0;537500;10;768;0,016506838
0;537500;10;784;0,016514817
0;537500;10;800;0,016657444
0;537500;10;816;0,016637995
0;537500;10;832;0,016801567
0;537500;10;848;0,016881358
0;537500;10;864;0,017023009
0;537500;10;880;0,017058429
0;537500;10;896;0,017027476
0;537500;10;912;0,017042437
0;537500;10;928;0,017004038
0;537500;10;944;0,017013989
0;537500;10;960;0,017197614
0;537500;10;976;0,017248399
0;537500;10;992;0,017152649
0;537500;10;1008;0,017276824
0;537500;10;1024;0,017532856
0;537500;12;16;0,019268432
0;537500;12;32;0,019117274
0;537500;12;48;0,017151718
0;537500;12;64;0,01603624
0;537500;12;80;0,015624644
0;537500;12;96;0,015273562
0;537500;12;112;0,015377348
0;537500;12;128;0,01495689
0;537500;12;144;0,015079071
0;537500;12;160;0,015190403
0;537500;12;176;0,01502639
0;537500;12;192;0,014707337
0;537500;12;208;0,014964573
0;537500;12;224;0,015044337
0;537500;12;240;0,015229287
0;537500;12;256;0,015507451
0;537500;12;272;0,015681496
0;537500;12;288;0,015977222
0;537500;12;304;0,016341051
0;537500;12;320;0,016621538
0;537500;12;336;0,016598598
0;537500;12;352;0,016246764
0;537500;12;368;0,015679002
0;537500;12;384;0,015881473
0;537500;12;400;0,015795697
0;537500;12;416;0,015717402
0;537500;12;432;0,015781235
0;537500;12;448;0,015795697
0;537500;12;464;0,015772258
0;537500;12;480;0,015861909
0;537500;12;496;0,015741339
0;537500;12;512;0,015822128
0;537500;12;528;0,015741838
0;537500;12;544;0,016116857
0;537500;12;560;0,015922729
0;537500;12;576;0,015952288
0;537500;12;592;0,01593918
0;537500;12;608;0,016155756
0;537500;12;624;0,01616174
0;537500;12;640;0,01611586
0;537500;12;656;0,016122842
0;537500;12;672;0,016209615
0;537500;12;688;0,016272207
0;537500;12;704;0,016365208
0;537500;12;720;0,016442506
0;537500;12;736;0,016448808
0;537500;12;752;0,016559557
0;537500;12;768;0,016502686
0;537500;12;784;0,01658051
0;537500;12;800;0,016697745
0;537500;12;816;0,016653345
0;537500;12;832;0,016794086
0;537500;12;848;0,016786606
0;537500;12;864;0,016933223
0;537500;12;880;0,017001558
0;537500;12;896;0,017033486
0;537500;12;912;0,016911779
0;537500;12;928;0,016994075
0;537500;12;944;0,017134757
0;537500;12;960;0,017059891
0;537500;12;976;0,017089813
0;537500;12;992;0,017178082
0;537500;12;1008;0,017209002
0;537500;12;1024;0,017268953
0;1096500;2;16;0,093018603
0;1096500;2;32;0,088563745
0;1096500;2;48;0,065493499
0;1096500;2;64;0,052652813
0;1096500;2;80;0,046553989
0;1096500;2;96;0,04423305
0;1096500;2;112;0,041016146
0;1096500;2;128;0,040518819
0;1096500;2;144;0,038805473
0;1096500;2;160;0,03574766
0;1096500;2;176;0,035675138
0;1096500;2;192;0,035870404
0;1096500;2;208;0,034907873
0;1096500;2;224;0,033949711
0;1096500;2;240;0,034090542
0;1096500;2;256;0,033929735
0;1096500;2;272;0,034065572
0;1096500;2;288;0,032959268
0;1096500;2;304;0,033770926
0;1096500;2;320;0,033178138
0;1096500;2;336;0,033471092
0;1096500;2;352;0,033233072
0;1096500;2;368;0,032715234
0;1096500;2;384;0,033455305
0;1096500;2;400;0,033642947
0;1096500;2;416;0,032967891
0;1096500;2;432;0,032813151
0;1096500;2;448;0,033420136
0;1096500;2;464;0,033804809
0;1096500;2;480;0,033272761
0;1096500;2;496;0,033188332
0;1096500;2;512;0,032616817
0;1096500;2;528;0,032977012
0;1096500;2;544;0,0333447
0;1096500;2;560;0,033915669
0;1096500;2;576;0,034006138
0;1096500;2;592;0,033570008
0;1096500;2;608;0,033213311
0;1096500;2;624;0,033140373
0;1096500;2;640;0,032450958
0;1096500;2;656;0,032844624
0;1096500;2;672;0,033291245
0;1096500;2;688;0,033688408
0;1096500;2;704;0,034033615
0;1096500;2;720;0,034562666
0;1096500;2;736;0,034612624
0;1096500;2;752;0,034190482
0;1096500;2;768;0,033621815
0;1096500;2;784;0,03363895
0;1096500;2;800;0,033434408
0;1096500;2;816;0,033235792
0;1096500;2;832;0,033209315
0;1096500;2;848;0,032654785
0;1096500;2;864;0,032694252
0;1096500;2;880;0,032963642
0;1096500;2;896;0,033286249
0;1096500;2;912;0,033600483
0;1096500;2;928;0,033865757
0;1096500;2;944;0,034290897
0;1096500;2;960;0,034585646
0;1096500;2;976;0,034631108
0;1096500;2;992;0,035038262
0;1096500;2;1008;0,035343961
0;1096500;2;1024;0,035510362
0;1096500;4;16;0,054911592
0;1096500;4;32;0,052479442
0;1096500;4;48;0,041261524
0;1096500;4;64;0,034688786
0;1096500;4;80;0,03144731
0;1096500;4;96;0,031253475
0;1096500;4;112;0,02943202
0;1096500;4;128;0,028396399
0;1096500;4;144;0,027369118
0;1096500;4;160;0,026603537
0;1096500;4;176;0,026877209
0;1096500;4;192;0,02657657
0;1096500;4;208;0,026418759
0;1096500;4;224;0,025815484
0;1096500;4;240;0,026398284
0;1096500;4;256;0,02533606
0;1096500;4;272;0,025694193
0;1096500;4;288;0,026066682
0;1096500;4;304;0,026099849
0;1096500;4;320;0,025027098
0;1096500;4;336;0,025333563
0;1096500;4;352;0,025663167
0;1096500;4;368;0,026116123
0;1096500;4;384;0,026411768
0;1096500;4;400;0,02625995
0;1096500;4;416;0,025696128
0;1096500;4;432;0,024543512
0;1096500;4;448;0,025159772
0;1096500;4;464;0,025578769
0;1096500;4;480;0,025703685
0;1096500;4;496;0,02602723
0;1096500;4;512;0,026280925
0;1096500;4;528;0,026588056
0;1096500;4;544;0,026964604
0;1096500;4;560;0,027287085
0;1096500;4;576;0,026987576
0;1096500;4;592;0,026387105
0;1096500;4;608;0,025971297
0;1096500;4;624;0,025730087
0;1096500;4;640;0,024927551
0;1096500;4;656;0,024998466
0;1096500;4;672;0,025155277
0;1096500;4;688;0,025375013
0;1096500;4;704;0,025418461
0;1096500;4;720;0,025887897
0;1096500;4;736;0,026064185
0;1096500;4;752;0,026179047
0;1096500;4;768;0,026412583
0;1096500;4;784;0,026760349
0;1096500;4;800;0,026900669
0;1096500;4;816;0,027113924
0;1096500;4;832;0,027522641
0;1096500;4;848;0,027741955
0;1096500;4;864;0,027883
0;1096500;4;880;0,02814811
0;1096500;4;896;0,028481327
0;1096500;4;912;0,028700641
0;1096500;4;928;0,028957423
0;1096500;4;944;0,029350737
0;1096500;4;960;0,029471092
0;1096500;4;976;0,029697295
0;1096500;4;992;0,029971063
0;1096500;4;1008;0,030244991
0;1096500;4;1024;0,030385211
0;1096500;6;16;0,04242689
0;1096500;6;32;0,040829239
0;1096500;6;48;0,033116893
0;1096500;6;64;0,029321614
0;1096500;6;80;0,027030559
0;1096500;6;96;0,02627693
0;1096500;6;112;0,025241764
0;1096500;6;128;0,025143916
0;1096500;6;144;0,024001164
0;1096500;6;160;0,024116513
0;1096500;6;176;0,023278815
0;1096500;6;192;0,023529231
0;1096500;6;208;0,023810893
0;1096500;6;224;0,022952923
0;1096500;6;240;0,023397131
0;1096500;6;256;0,023669708
0;1096500;6;272;0,023679051
0;1096500;6;288;0,022624832
0;1096500;6;304;0,022702711
0;1096500;6;320;0,023006738
0;1096500;6;336;0,023376164
0;1096500;6;352;0,023586163
0;1096500;6;368;0,023751464
0;1096500;6;384;0,024131507
0;1096500;6;400;0,023759954
0;1096500;6;416;0,023226095
0;1096500;6;432;0,022409666
0;1096500;6;448;0,022605362
0;1096500;6;464;0,022877015
0;1096500;6;480;0,023161997
0;1096500;6;496;0,023275536
0;1096500;6;512;0,023590158
0;1096500;6;528;0,023924811
0;1096500;6;544;0,024239877
0;1096500;6;560;0,024442134
0;1096500;6;576;0,024717022
0;1096500;6;592;0,025026932
0;1096500;6;608;0,025433443
0;1096500;6;624;0,025598274
0;1096500;6;640;0,025860052
0;1096500;6;656;0,026100348
0;1096500;6;672;0,026537477
0;1096500;6;688;0,02672282
0;1096500;6;704;0,027065529
0;1096500;6;720;0,027167942
0;1096500;6;736;0,027225393
0;1096500;6;752;0,026800754
0;1096500;6;768;0,026421076
0;1096500;6;784;0,025624252
0;1096500;6;800;0,025627782
0;1096500;6;816;0,02528554
0;1096500;6;832;0,02506073
0;1096500;6;848;0,024597947
0;1096500;6;864;0,024450249
0;1096500;6;880;0,024567484
0;1096500;6;896;0,024616924
0;1096500;6;912;0,024594451
0;1096500;6;928;0,024686128
0;1096500;6;944;0,02466237
0;1096500;6;960;0,024793212
0;1096500;6;976;0,024910571
0;1096500;6;992;0,025082053
0;1096500;6;1008;0,025266556
0;1096500;6;1024;0,02539095
0;1096500;8;16;0,035957156
0;1096500;8;32;0,0344579
0;1096500;8;48;0,02949097
0;1096500;8;64;0,025781525
0;1096500;8;80;0,024256857
0;1096500;8;96;0,024303301
0;1096500;8;112;0,023443834
0;1096500;8;128;0,022826019
0;1096500;8;144;0,022866955
0;1096500;8;160;0,021978594
0;1096500;8;176;0,022303331
0;1096500;8;192;0,022804053
0;1096500;8;208;0,022522491
0;1096500;8;224;0,021890473
0;1096500;8;240;0,022041239
0;1096500;8;256;0,022280367
0;1096500;8;272;0,022498528
0;1096500;8;288;0,022702225
0;1096500;8;304;0,022694734
0;1096500;8;320;0,021711751
0;1096500;8;336;0,021430688
0;1096500;8;352;0,021867228
0;1096500;8;368;0,022102643
0;1096500;8;384;0,022428553
0;1096500;8;400;0,022717207
0;1096500;8;416;0,023069284
0;1096500;8;432;0,02328852
0;1096500;8;448;0,023717005
0;1096500;8;464;0,023934744
0;1096500;8;480;0,02427883
0;1096500;8;496;0,024523536
0;1096500;8;512;0,025019765
0;1096500;8;528;0,025221198
0;1096500;8;544;0,025472881
0;1096500;8;560;0,025725167
0;1096500;8;576;0,025590255
0;1096500;8;592;0,025168262
0;1096500;8;608;0,024552002
0;1096500;8;624;0,024115527
0;1096500;8;640;0,023116227
0;1096500;8;656;0,023364429
0;1096500;8;672;0,023357937
0;1096500;8;688;0,023498973
0;1096500;8;704;0,023557881
0;1096500;8;720;0,023599646
0;1096500;8;736;0,02377943
0;1096500;8;752;0,023701524
0;1096500;8;768;0,023889724
0;1096500;8;784;0,023770941
0;1096500;8;800;0,023887301
0;1096500;8;816;0,023966159
0;1096500;8;832;0,024313365
0;1096500;8;848;0,024379709
0;1096500;8;864;0,024289817
0;1096500;8;880;0,024500564
0;1096500;8;896;0,024475727
0;1096500;8;912;0,024467734
0;1096500;8;928;0,024589957
0;1096500;8;944;0,024228936
0;1096500;8;960;0,024747496
0;1096500;8;976;0,024922058
0;1096500;8;992;0,024968002
0;1096500;8;1008;0,025267055
0;1096500;8;1024;0,025310518
0;1096500;10;16;0,031997621
0;1096500;10;32;0,031017108
0;1096500;10;48;0,026845746
0;1096500;10;64;0,023903781
0;1096500;10;80;0,023249567
0;1096500;10;96;0,023029332
0;1096500;10;112;0,022173034
0;1096500;10;128;0,0216405
0;1096500;10;144;0,021952876
0;1096500;10;160;0,021987084
0;1096500;10;176;0,021062694
0;1096500;10;192;0,021260452
0;1096500;10;208;0,021321883
0;1096500;10;224;0,021797312
0;1096500;10;240;0,022202488
0;1096500;10;256;0,02104978
0;1096500;10;272;0,021070185
0;1096500;10;288;0,021484687
0;1096500;10;304;0,021772342
0;1096500;10;320;0,022209977
0;1096500;10;336;0,022421062
0;1096500;10;352;0,022826575
0;1096500;10;368;0,023110234
0;1096500;10;384;0,023466307
0;1096500;10;400;0,023952223
0;1096500;10;416;0,024264406
0;1096500;10;432;0,024545168
0;1096500;10;448;0,025045409
0;1096500;10;464;0,025172136
0;1096500;10;480;0,024575642
0;1096500;10;496;0,02395422
0;1096500;10;512;0,023128712
0;1096500;10;528;0,022661773
0;1096500;10;544;0,023066287
0;1096500;10;560;0,023109735
0;1096500;10;576;0,023146191
0;1096500;10;592;0,023023212
0;1096500;10;608;0,023133207
0;1096500;10;624;0,023128213
0;1096500;10;640;0,023364429
0;1096500;10;656;0,023359934
0;1096500;10;672;0,023300006
0;1096500;10;688;0,023319209
0;1096500;10;704;0,023429351
0;1096500;10;720;0,023609462
0;1096500;10;736;0,023755459
0;1096500;10;752;0,023858336
0;1096500;10;768;0,023810292
0;1096500;10;784;0,023875237
0;1096500;10;800;0,0238883
0;1096500;10;816;0,024053102
0;1096500;10;832;0,023890797
0;1096500;10;848;0,024296309
0;1096500;10;864;0,024413668
0;1096500;10;880;0,024606437
0;1096500;10;896;0,024547008
0;1096500;10;912;0,024502204
0;1096500;10;928;0,024589957
0;1096500;10;944;0,024606437
0;1096500;10;960;0,02479521
0;1096500;10;976;0,024987978
0;1096500;10;992;0,025054236
0;1096500;10;1008;0,025167762
0;1096500;10;1024;0,025287538
0;1096500;12;16;0,029735263
0;1096500;12;32;0,029304629
0;1096500;12;48;0,024984982
0;1096500;12;64;0,02314053
0;1096500;12;80;0,022389101
0;1096500;12;96;0,021737211
0;1096500;12;112;0,021211516
0;1096500;12;128;0,021627881
0;1096500;12;144;0,020783852
0;1096500;12;160;0,020984881
0;1096500;12;176;0,021366288
0;1096500;12;192;0,021649989
0;1096500;12;208;0,021485103
0;1096500;12;224;0,020915988
0;1096500;12;240;0,021084226
0;1096500;12;256;0,021513653
0;1096500;12;272;0,021883983
0;1096500;12;288;0,022304702
0;1096500;12;304;0,022711713
0;1096500;12;320;0,023174158
0;1096500;12;336;0,02351325
0;1096500;12;352;0,023905279
0;1096500;12;368;0,024309868
0;1096500;12;384;0,024738778
0;1096500;12;400;0,024556159
0;1096500;12;416;0,023586163
0;1096500;12;432;0,02302234
0;1096500;12;448;0,022907977
0;1096500;12;464;0,023104242
0;1096500;12;480;0,023035194
0;1096500;12;496;0,022914969
0;1096500;12;512;0,02316417
0;1096500;12;528;0,023139361
0;1096500;12;544;0,023028832
0;1096500;12;560;0,023232088
0;1096500;12;576;0,023185644
0;1096500;12;592;0,023086406
0;1096500;12;608;0,02311457
0;1096500;12;624;0,023171661
0;1096500;12;640;0,023272539
0;1096500;12;656;0,023325975
0;1096500;12;672;0,023274821
0;1096500;12;688;0,023320482
0;1096500;12;704;0,023433846
0;1096500;12;720;0,023520242
0;1096500;12;736;0,023837768
0;1096500;12;752;0,02365458
0;1096500;12;768;0,023824376
0;1096500;12;784;0,023757956
0;1096500;12;800;0,023984184
0;1096500;12;816;0,024061591
0;1096500;12;832;0,024168463
0;1096500;12;848;0,024241375
0;1096500;12;864;0,024467234
0;1096500;12;880;0,024406177
0;1096500;12;896;0,02443726
0;1096500;12;912;0,024488578
0;1096500;12;928;0,02462891
0;1096500;12;944;0,024816185
0;1096500;12;960;0,024996968
0;1096500;12;976;0,025047566
0;1096500;12;992;0,025238178
0;1096500;12;1008;0,025293112
0;1096500;12;1024;0,025195616
1000;1000;2;16;0,016973117
1000;1000;2;32;0,016974107
1000;1000;2;48;0,01697112
1000;1000;2;64;0,016983595
1000;1000;2;80;0,016967625
1000;1000;2;96;0,016973607
1000;1000;2;112;0,01697761
1000;1000;2;128;0,01697761
1000;1000;2;144;0,016978109
1000;1000;2;160;0,01696364
1000;1000;2;176;0,016976611
1000;1000;2;192;0,016972123
1000;1000;2;208;0,01697761
1000;1000;2;224;0,016979607
1000;1000;2;240;0,01697761
1000;1000;2;256;0,016968624
1000;1000;2;272;0,01697761
1000;1000;2;288;0,016967625
1000;1000;2;304;0,016968125
1000;1000;2;320;0,01697761
1000;1000;2;336;0,016979107
1000;1000;2;352;0,016978109
1000;1000;2;368;0,016979607
1000;1000;2;384;0,016972622
1000;1000;2;400;0,016979107
1000;1000;2;416;0,016995083
1000;1000;2;432;0,016966627
1000;1000;2;448;0,016967625
1000;1000;2;464;0,01697761
1000;1000;2;480;0,016966627
1000;1000;2;496;0,016967126
1000;1000;2;512;0,016968624
1000;1000;2;528;0,016978109
1000;1000;2;544;0,016969123
1000;1000;2;560;0,016976112
1000;1000;2;576;0,016969123
1000;1000;2;592;0,016973122
1000;1000;2;608;0,016975118
1000;1000;2;624;0,016971125
1000;1000;2;640;0,016970621
1000;1000;2;656;0,016975114
1000;1000;2;672;0,016968131
1000;1000;2;688;0,016975114
1000;1000;2;704;0,016976112
1000;1000;2;720;0,016982103
1000;1000;2;736;0,016977613
1000;1000;2;752;0,016976615
1000;1000;2;768;0,016976615
1000;1000;2;784;0,016979609
1000;1000;2;800;0,016979609
1000;1000;2;816;0,016973621
1000;1000;2;832;0,016977613
1000;1000;2;848;0,016993083
1000;1000;2;864;0,016983602
1000;1000;2;880;0,016979609
1000;1000;2;896;0,01697412
1000;1000;2;912;0,016987594
1000;1000;2;928;0,016987095
1000;1000;2;944;0,016986097
1000;1000;2;960;0,016993585
1000;1000;2;976;0,016994082
1000;1000;2;992;0,017000075
1000;1000;2;1008;0,016993083
1000;1000;2;1024;0,016996577
1000;1000;4;16;0,016964638
1000;1000;4;32;0,016976611
1000;1000;4;48;0,016967126
1000;1000;4;64;0,016959647
1000;1000;4;80;0,016960645
1000;1000;4;96;0,017015541
1000;1000;4;112;0,016970626
1000;1000;4;128;0,016963141
1000;1000;4;144;0,016961643
1000;1000;4;160;0,01697412
1000;1000;4;176;0,016976112
1000;1000;4;192;0,016978608
1000;1000;4;208;0,016969131
1000;1000;4;224;0,016973122
1000;1000;4;240;0,016971624
1000;1000;4;256;0,01696364
1000;1000;4;272;0,01696364
1000;1000;4;288;0,016958156
1000;1000;4;304;0,01696364
1000;1000;4;320;0,016972123
1000;1000;4;336;0,016972123
1000;1000;4;352;0,016971125
1000;1000;4;368;0,01697412
1000;1000;4;384;0,016993083
1000;1000;4;400;0,01696364
1000;1000;4;416;0,016962142
1000;1000;4;432;0,016961144
1000;1000;4;448;0,016978109
1000;1000;4;464;0,016963141
1000;1000;4;480;0,016961643
1000;1000;4;496;0,016964638
1000;1000;4;512;0,016971125
1000;1000;4;528;0,016979107
1000;1000;4;544;0,016964139
1000;1000;4;560;0,016964139
1000;1000;4;576;0,016972622
1000;1000;4;592;0,016966135
1000;1000;4;608;0,016966634
1000;1000;4;624;0,016965636
1000;1000;4;640;0,016967133
1000;1000;4;656;0,016976615
1000;1000;4;672;0,016969628
1000;1000;4;688;0,016967632
1000;1000;4;704;0,016970127
1000;1000;4;720;0,016976615
1000;1000;4;736;0,016981604
1000;1000;4;752;0,016982103
1000;1000;4;768;0,016985099
1000;1000;4;784;0,016973122
1000;1000;4;800;0,016979609
1000;1000;4;816;0,01697412
1000;1000;4;832;0,016980108
1000;1000;4;848;0,017002072
1000;1000;4;864;0,016986097
1000;1000;4;880;0,016986097
1000;1000;4;896;0,016981106
1000;1000;4;912;0,016987095
1000;1000;4;928;0,016988592
1000;1000;4;944;0,016986097
1000;1000;4;960;0,016986097
1000;1000;4;976;0,016988587
1000;1000;4;992;0,017001567
1000;1000;4;1008;0,016994082
1000;1000;4;1024;0,016993083
1000;1000;6;16;0,01697761
1000;1000;6;32;0,016954165
1000;1000;6;48;0,016958649
1000;1000;6;64;0,016959148
1000;1000;6;80;0,016967632
1000;1000;6;96;0,016970626
1000;1000;6;112;0,016958649
1000;1000;6;128;0,016954664
1000;1000;6;144;0,016962642
1000;1000;6;160;0,016960146
1000;1000;6;176;0,016960645
1000;1000;6;192;0,016958649
1000;1000;6;208;0,016959647
1000;1000;6;224;0,016965628
1000;1000;6;240;0,016962142
1000;1000;6;256;0,016960146
1000;1000;6;272;0,016959647
1000;1000;6;288;0,016960645
1000;1000;6;304;0,016966627
1000;1000;6;320;0,016960146
1000;1000;6;336;0,016960146
1000;1000;6;352;0,016960645
1000;1000;6;368;0,016961643
1000;1000;6;384;0,016960645
1000;1000;6;400;0,016960146
1000;1000;6;416;0,016960645
1000;1000;6;432;0,016963141
1000;1000;6;448;0,016961643
1000;1000;6;464;0,016964139
1000;1000;6;480;0,016963141
1000;1000;6;496;0,016970626
1000;1000;6;512;0,016970127
1000;1000;6;528;0,016965636
1000;1000;6;544;0,01696364
1000;1000;6;560;0,01696364
1000;1000;6;576;0,016970121
1000;1000;6;592;0,016959154
1000;1000;6;608;0,01697112
1000;1000;6;624;0,016970621
1000;1000;6;640;0,016972618
1000;1000;6;656;0,016970127
1000;1000;6;672;0,016970127
1000;1000;6;688;0,016969129
1000;1000;6;704;0,016969129
1000;1000;6;720;0,0169841
1000;1000;6;736;0,016976615
1000;1000;6;752;0,016976615
1000;1000;6;768;0,016975617
1000;1000;6;784;0,016983101
1000;1000;6;800;0,01697911
1000;1000;6;816;0,016992087
1000;1000;6;832;0,016978112
1000;1000;6;848;0,016986097
1000;1000;6;864;0,016983602
1000;1000;6;880;0,016981106
1000;1000;6;896;0,01698959
1000;1000;6;912;0,016988592
1000;1000;6;928;0,016994583
1000;1000;6;944;0,016993585
1000;1000;6;960;0,016987095
1000;1000;6;976;0,016994581
1000;1000;6;992;0,016996078
1000;1000;6;1008;0,016993582
1000;1000;6;1024;0,016993582
1000;1000;8;16;0,016961144
1000;1000;8;32;0,016969129
1000;1000;8;48;0,016961643
1000;1000;8;64;0,016960146
1000;1000;8;80;0,016959647
1000;1000;8;96;0,016959148
1000;1000;8;112;0,016960645
1000;1000;8;128;0,016960146
1000;1000;8;144;0,016966627
1000;1000;8;160;0,016965129
1000;1000;8;176;0,016968131
1000;1000;8;192;0,016965129
1000;1000;8;208;0,016967126
1000;1000;8;224;0,016966128
1000;1000;8;240;0,016967126
1000;1000;8;256;0,016968125
1000;1000;8;272;0,016972608
1000;1000;8;288;0,016976611
1000;1000;8;304;0,016967126
1000;1000;8;320;0,016965628
1000;1000;8;336;0,016966634
1000;1000;8;352;0,016980106
1000;1000;8;368;0,016968624
1000;1000;8;384;0,016972608
1000;1000;8;400;0,016967625
1000;1000;8;416;0,016970121
1000;1000;8;432;0,016967126
1000;1000;8;448;0,016962142
1000;1000;8;464;0,016962142
1000;1000;8;480;0,016969622
1000;1000;8;496;0,016968125
1000;1000;8;512;0,016969622
1000;1000;8;528;0,016971619
1000;1000;8;544;0,016970121
1000;1000;8;560;0,016970121
1000;1000;8;576;0,016969622
1000;1000;8;592;0,016972618
1000;1000;8;608;0,016979607
1000;1000;8;624;0,01697112
1000;1000;8;640;0,016972118
1000;1000;8;656;0,016969628
1000;1000;8;672;0,016975613
1000;1000;8;688;0,016970626
1000;1000;8;704;0,016970626
1000;1000;8;720;0,016976116
1000;1000;8;736;0,016976116
1000;1000;8;752;0,016977114
1000;1000;8;768;0,016978112
1000;1000;8;784;0,016978611
1000;1000;8;800;0,016978611
1000;1000;8;816;0,016980108
1000;1000;8;832;0,016977613
1000;1000;8;848;0,016979109
1000;1000;8;864;0,016985598
1000;1000;8;880;0,016980607
1000;1000;8;896;0,01697911
1000;1000;8;912;0,016987594
1000;1000;8;928;0,016994583
1000;1000;8;944;0,016994084
1000;1000;8;960;0,016993585
1000;1000;8;976;0,017008562
1000;1000;8;992;0,016993083
1000;1000;8;1008;0,017008062
1000;1000;8;1024;0,016998577
1000;1000;10;16;0,016964638
1000;1000;10;32;0,016966627
1000;1000;10;48;0,016960146
1000;1000;10;64;0,016966627
1000;1000;10;80;0,016971125
1000;1000;10;96;0,016960645
1000;1000;10;112;0,016960645
1000;1000;10;128;0,016975114
1000;1000;10;144;0,01696863
1000;1000;10;160;0,016961144
1000;1000;10;176;0,016966627
1000;1000;10;192;0,016967126
1000;1000;10;208;0,016959647
1000;1000;10;224;0,016960645
1000;1000;10;240;0,016966128
1000;1000;10;256;0,016968125
1000;1000;10;272;0,016973117
1000;1000;10;288;0,016969628
1000;1000;10;304;0,016960146
1000;1000;10;320;0,016961144
1000;1000;10;336;0,016969628
1000;1000;10;352;0,016961643
1000;1000;10;368;0,016967625
1000;1000;10;384;0,016970626
1000;1000;10;400;0,016960645
1000;1000;10;416;0,016963141
1000;1000;10;432;0,016966627
1000;1000;10;448;0,016961643
1000;1000;10;464;0,016963141
1000;1000;10;480;0,016968624
1000;1000;10;496;0,016968125
1000;1000;10;512;0,016969622
1000;1000;10;528;0,016979107
1000;1000;10;544;0,016969123
1000;1000;10;560;0,016970621
1000;1000;10;576;0,016970121
1000;1000;10;592;0,016973616
1000;1000;10;608;0,01697112
1000;1000;10;624;0,016970621
1000;1000;10;640;0,01698759
1000;1000;10;656;0,016981098
1000;1000;10;672;0,016982097
1000;1000;10;688;0,016983096
1000;1000;10;704;0,016974614
1000;1000;10;720;0,016989089
1000;1000;10;736;0,016990087
1000;1000;10;752;0,016989588
1000;1000;10;768;0,016988589
1000;1000;10;784;0,016999576
1000;1000;10;800;0,016999077
1000;1000;10;816;0,016990587
1000;1000;10;832;0,016991086
1000;1000;10;848;0,016998078
1000;1000;10;864;0,017013061
1000;1000;10;880;0,016991586
1000;1000;10;896;0,016992085
1000;1000;10;912;0,017005067
1000;1000;10;928;0,016999077
1000;1000;10;944;0,017003569
1000;1000;10;960;0,017000575
1000;1000;10;976;0,017012062
1000;1000;10;992;0,01700457
1000;1000;10;1008;0,017013559
1000;1000;10;1024;0,017000075
1000;1000;12;16;0,016983096
1000;1000;12;32;0,01697161
1000;1000;12;48;0,01697111
1000;1000;12;64;0,016980588
1000;1000;12;80;0,016970611
1000;1000;12;96;0,01697161
1000;1000;12;112;0,016972109
1000;1000;12;128;0,016972608
1000;1000;12;144;0,016980099
1000;1000;12;160;0,01697161
1000;1000;12;176;0,016974107
1000;1000;12;192;0,016986583
1000;1000;12;208;0,016986084
1000;1000;12;224;0,016972109
1000;1000;12;240;0,016980089
1000;1000;12;256;0,01697111
1000;1000;12;272;0,016982596
1000;1000;12;288;0,01697161
1000;1000;12;304;0,016981598
1000;1000;12;320;0,01697161
1000;1000;12;336;0,016972608
1000;1000;12;352;0,016973108
1000;1000;12;368;0,016972109
1000;1000;12;384;0,016973108
1000;1000;12;400;0,016974107
1000;1000;12;416;0,016977111
1000;1000;12;432;0,016982596
1000;1000;12;448;0,016973607
1000;1000;12;464;0,016981088
1000;1000;12;480;0,016980089
1000;1000;12;496;0,016974107
1000;1000;12;512;0,016974107
1000;1000;12;528;0,016976104
1000;1000;12;544;0,016982587
1000;1000;12;560;0,016981587
1000;1000;12;576;0,016977103
1000;1000;12;592;0,016978601
1000;1000;12;608;0,016977103
1000;1000;12;624;0,016977103
1000;1000;12;640;0,016976604
1000;1000;12;656;0,016982097
1000;1000;12;672;0,016995576
1000;1000;12;688;0,016982097
1000;1000;12;704;0,016989081
1000;1000;12;720;0,016989089
1000;1000;12;736;0,017000075
1000;1000;12;752;0,016988589
1000;1000;12;768;0,016996075
1000;1000;12;784;0,016990587
1000;1000;12;800;0,016997578
1000;1000;12;816;0,016993583
1000;1000;12;832;0,016992584
1000;1000;12;848;0,017053012
1000;1000;12;864;0,017018054
1000;1000;12;880;0,017005069
1000;1000;12;896;0,016999073
1000;1000;12;912;0,017015059
1000;1000;12;928;0,017015059
1000;1000;12;944;0,017007066
1000;1000;12;960;0,017009564
1000;1000;12;976;0,017025045
1000;1000;12;992;0,017024551
1000;1000;12;1008;0,017018556
1000;1000;12;1024;0,017028048
11250;11250;2;16;0,003331252
11250;11250;2;32;0,003781288
11250;11250;2;48;0,001614916
11250;11250;2;64;0,001206262
11250;11250;2;80;0,001622323
11250;11250;2;96;0,001267751
11250;11250;2;112;0,001705063
11250;11250;2;128;0,001163411
11250;11250;2;144;0,001614162
11250;11250;2;160;0,001268018
11250;11250;2;176;0,00162027
11250;11250;2;192;0,001711084
11250;11250;2;208;0,001620722
11250;11250;2;224;0,001328145
11250;11250;2;240;0,001622286
11250;11250;2;256;0,001482634
11250;11250;2;272;0,00138584
11250;11250;2;288;0,001396248
11250;11250;2;304;0,001706797
11250;11250;2;320;0,001618669
11250;11250;2;336;0,001388855
11250;11250;2;352;0,001370234
11250;11250;2;368;0,001575242
11250;11250;2;384;0,001162809
11250;11250;2;400;0,001608994
11250;11250;2;416;0,001709859
11250;11250;2;432;0,001623134
11250;11250;2;448;0,001156048
11250;11250;2;464;0,001618444
11250;11250;2;480;0,001616438
11250;11250;2;496;0,001704808
11250;11250;2;512;0,001622062
11250;11250;2;528;0,001615232
11250;11250;2;544;0,001621303
11250;11250;2;560;0,001358477
11250;11250;2;576;0,001418058
11250;11250;2;592;0,001702978
11250;11250;2;608;0,001377571
11250;11250;2;624;0,001622956
11250;11250;2;640;0,001623046
11250;11250;2;656;0,001614117
11250;11250;2;672;0,001708022
11250;11250;2;688;0,003691966
11250;11250;2;704;0,001381967
11250;11250;2;720;0,001708996
11250;11250;2;736;0,001621033
11250;11250;2;752;0,001710471
11250;11250;2;768;0,001616073
11250;11250;2;784;0,001613985
11250;11250;2;800;0,001614193
11250;11250;2;816;0,001708267
11250;11250;2;832;0,001624923
11250;11250;2;848;0,003787593
11250;11250;2;864;0,001624341
11250;11250;2;880;0,001617018
11250;11250;2;896;0,001620231
11250;11250;2;912;0,001623537
11250;11250;2;928;0,001431865
11250;11250;2;944;0,001614512
11250;11250;2;960;0,001618579
11250;11250;2;976;0,001621973
11250;11250;2;992;0,001512309
11250;11250;2;1008;0,001586006
11250;11250;2;1024;0,001619651
11250;11250;4;16;0,001619198
11250;11250;4;32;0,003692283
11250;11250;4;48;0,001621214
11250;11250;4;64;0,001619918
11250;11250;4;80;0,001708269
11250;11250;4;96;0,001620231
11250;11250;4;112;0,001541773
11250;11250;4;128;0,001260401
11250;11250;4;144;0,001489543
11250;11250;4;160;0,001711084
11250;11250;4;176;0,001150709
11250;11250;4;192;0,001501378
11250;11250;4;208;0,001620722
11250;11250;4;224;0,001197078
11250;11250;4;240;0,001712438
11250;11250;4;256;0,001614697
11250;11250;4;272;0,001494136
11250;11250;4;288;0,001248458
11250;11250;4;304;0,001577994
11250;11250;4;320;0,001505991
11250;11250;4;336;0,001617373
11250;11250;4;352;0,001719553
11250;11250;4;368;0,001622375
11250;11250;4;384;0,001623537
11250;11250;4;400;0,001708513
11250;11250;4;416;0,001503834
11250;11250;4;432;0,001612426
11250;11250;4;448;0,00169798
11250;11250;4;464;0,001622375
11250;11250;4;480;0,00345503
11250;11250;4;496;0,001076447
11250;11250;4;512;0,003479094
11250;11250;4;528;0,001621303
11250;11250;4;544;0,001613446
11250;11250;4;560;0,001621973
11250;11250;4;576;0,001496521
11250;11250;4;592;0,001494949
11250;11250;4;608;0,001702368
11250;11250;4;624;0,001512183
11250;11250;4;640;0,001623046
11250;11250;4;656;0,00131245
11250;11250;4;672;0,001721515
11250;11250;4;688;0,001168664
11250;11250;4;704;0,001618444
11250;11250;4;720;0,001157439
11250;11250;4;736;0,00161402
11250;11250;4;752;0,001705204
11250;11250;4;768;0,001534657
11250;11250;4;784;0,001620321
11250;11250;4;800;0,001616348
11250;11250;4;816;0,001712548
11250;11250;4;832;0,001435936
11250;11250;4;848;0,001609798
11250;11250;4;864;0,001300628
11250;11250;4;880;0,001199613
11250;11250;4;896;0,001618399
11250;11250;4;912;0,001412912
11250;11250;4;928;0,001615801
11250;11250;4;944;0,001692591
11250;11250;4;960;0,001621303
11250;11250;4;976;0,001621393
11250;11250;4;992;0,001709116
11250;11250;4;1008;0,00170704
11250;11250;4;1024;0,00161425
11250;11250;6;16;0,001385426
11250;11250;6;32;0,003689801
11250;11250;6;48;0,001707652
11250;11250;6;64;0,001096882
11250;11250;6;80;0,001433951
11250;11250;6;96;0,001106419
11250;11250;6;112;0,003642539
11250;11250;6;128;0,00169639
11250;11250;6;144;0,001610377
11250;11250;6;160;0,001711324
11250;11250;6;176;0,00164734
11250;11250;6;192;0,001620452
11250;11250;6;208;0,001195819
11250;11250;6;224;0,001068385
11250;11250;6;240;0,001624029
11250;11250;6;256;0,001450123
11250;11250;6;272;0,00120108
11250;11250;6;288;0,003589246
11250;11250;6;304;0,001617328
11250;11250;6;320;0,00171268
11250;11250;6;336;0,001622777
11250;11250;6;352;0,001574426
11250;11250;6;368;0,001223269
11250;11250;6;384;0,001617637
11250;11250;6;400;0,001641543
11250;11250;6;416;0,001245116
11250;11250;6;432;0,001123516
11250;11250;6;448;0,001609798
11250;11250;6;464;0,001621973
11250;11250;6;480;0,001164027
11250;11250;6;496;0,001620142
11250;11250;6;512;0,001628273
11250;11250;6;528;0,001607839
11250;11250;6;544;0,001613529
11250;11250;6;560;0,001390582
11250;11250;6;576;0,00161987
11250;11250;6;592;0,001625505
11250;11250;6;608;0,001237383
11250;11250;6;624;0,001613442
11250;11250;6;640;0,001488076
11250;11250;6;656;0,001250638
11250;11250;6;672;0,001710963
11250;11250;6;688;0,001471874
11250;11250;6;704;0,001615262
11250;11250;6;720;0,001478098
11250;11250;6;736;0,001510892
11250;11250;6;752;0,001617728
11250;11250;6;768;0,001711696
11250;11250;6;784;0,001423761
11250;11250;6;800;0,00114956
11250;11250;6;816;0,001404532
11250;11250;6;832;0,001226777
11250;11250;6;848;0,003698736
11250;11250;6;864;0,001554576
11250;11250;6;880;0,001709986
11250;11250;6;896;0,001615055
11250;11250;6;912;0,001624833
11250;11250;6;928;0,001517586
11250;11250;6;944;0,0016109
11250;11250;6;960;0,001584379
11250;11250;6;976;0,001615232
11250;11250;6;992;0,001614425
11250;11250;6;1008;0,003785754
11250;11250;6;1024;0,001620142
11250;11250;8;16;0,001599018
11250;11250;8;32;0,001610149
11250;11250;8;48;0,0032576
11250;11250;8;64;0,001612054
11250;11250;8;80;0,001596738
11250;11250;8;96;0,001703096
11250;11250;8;112;0,00126645
11250;11250;8;128;0,001710203
11250;11250;8;144;0,001705418
11250;11250;8;160;0,001159182
11250;11250;8;176;0,001701877
11250;11250;8;192;0,001606543
11250;11250;8;208;0,001207054
11250;11250;8;224;0,001614193
11250;11250;8;240;0,001587817
11250;11250;8;256;0,001391814
11250;11250;8;272;0,001609974
11250;11250;8;288;0,001700521
11250;11250;8;304;0,001582981
11250;11250;8;320;0,001559466
11250;11250;8;336;0,001615495
11250;11250;8;352;0,003190705
11250;11250;8;368;0,001710832
11250;11250;8;384;0,003195804
11250;11250;8;400;0,001701386
11250;11250;8;416;0,003187872
11250;11250;8;432;0,001602716
11250;11250;8;448;0,003179583
11250;11250;8;464;0,00170152
11250;11250;8;480;0,001619427
11250;11250;8;496;0,001613701
11250;11250;8;512;0,001227524
11250;11250;8;528;0,001601815
11250;11250;8;544;0,00169549
11250;11250;8;560;0,001599113
11250;11250;8;576;0,001614684
11250;11250;8;592;0,001603699
11250;11250;8;608;0,003187732
11250;11250;8;624;0,001575193
11250;11250;8;640;0,003189004
11250;11250;8;656;0,001699538
11250;11250;8;672;0,003176471
11250;11250;8;688;0,001610323
11250;11250;8;704;0,003153301
11250;11250;8;720;0,00170284
11250;11250;8;736;0,001610323
11250;11250;8;752;0,001611708
11250;11250;8;768;0,001613123
11250;11250;8;784;0,001621746
11250;11250;8;800;0,001712438
11250;11250;8;816;0,00318936
11250;11250;8;832;0,001733964
11250;11250;8;848;0,003189996
11250;11250;8;864;0,001711696
11250;11250;8;880;0,003174711
11250;11250;8;896;0,001620812
11250;11250;8;912;0,001614684
11250;11250;8;928;0,001626578
11250;11250;8;944;0,001587343
11250;11250;8;960;0,001618669
11250;11250;8;976;0,001706871
11250;11250;8;992;0,003193325
11250;11250;8;1008;0,00170347
11250;11250;8;1024;0,00326553
11250;11250;10;16;0,003292565
11250;11250;10;32;0,001611882
11250;11250;10;48;0,001702605
11250;11250;10;64;0,001610814
11250;11250;10;80;0,001706637
11250;11250;10;96;0,001612777
11250;11250;10;112;0,001610377
11250;11250;10;128;0,001708013
11250;11250;10;144;0,003186881
11250;11250;10;160;0,001614107
11250;11250;10;176;0,003149334
11250;11250;10;192;0,001708744
11250;11250;10;208;0,003194669
11250;11250;10;224;0,001619427
11250;11250;10;240;0,00329909
11250;11250;10;256;0,001692394
11250;11250;10;272;0,001709116
11250;11250;10;288;0,001691636
11250;11250;10;304;0,003130625
11250;11250;10;320;0,001610149
11250;11250;10;336;0,003199208
11250;11250;10;352;0,00170713
11250;11250;10;368;0,003186741
11250;11250;10;384;0,001703706
11250;11250;10;400;0,003186741
11250;11250;10;416;0,001700658
11250;11250;10;432;0,001611882
11250;11250;10;448;0,001615986
11250;11250;10;464;0,001158622
11250;11250;10;480;0,001622465
11250;11250;10;496;0,001701149
11250;11250;10;512;0,001288068
11250;11250;10;528;0,001611304
11250;11250;10;544;0,00170455
11250;11250;10;560;0,001285649
11250;11250;10;576;0,001601815
11250;11250;10;592;0,001607696
11250;11250;10;608;0,001237829
11250;11250;10;624;0,001622554
11250;11250;10;640;0,001573512
11250;11250;10;656;0,001474782
11250;11250;10;672;0,001577651
11250;11250;10;688;0,001609832
11250;11250;10;704;0,001207701
11250;11250;10;720;0,001674688
11250;11250;10;736;0,001557367
11250;11250;10;752;0,001435029
11250;11250;10;768;0,001663555
11250;11250;10;784;0,00155576
11250;11250;10;800;0,001356513
11250;11250;10;816;0,001710459
11250;11250;10;832;0,001612951
11250;11250;10;848;0,003187732
11250;11250;10;864;0,001621973
11250;11250;10;880;0,003282078
11250;11250;10;896;0,001612225
11250;11250;10;912;0,003189714
11250;11250;10;928;0,001613037
11250;11250;10;944;0,003288033
11250;11250;10;960;0,001623978
11250;11250;10;976;0,001569992
11250;11250;10;992;0,00161691
11250;11250;10;1008;0,00171514
11250;11250;10;1024;0,0016109
11250;11250;12;16;0,005379249
11250;11250;12;32;0,001621303
11250;11250;12;48;0,003148838
11250;11250;12;64;0,001618847
11250;11250;12;80;0,00171723
11250;11250;12;96;0,001710578
11250;11250;12;112;0,001593388
11250;11250;12;128;0,001622642
11250;11250;12;144;0,001713177
11250;11250;12;160;0,003242063
11250;11250;12;176;0,001613701
11250;11250;12;192;0,003285701
11250;11250;12;208;0,00170455
11250;11250;12;224;0,00318936
11250;11250;12;240;0,001705535
11250;11250;12;256;0,001608818
11250;11250;12;272;0,00170284
11250;11250;12;288;0,001166157
11250;11250;12;304;0,001709728
11250;11250;12;320;0,001611304
11250;11250;12;336;0,001434071
11250;11250;12;352;0,001708143
11250;11250;12;368;0,001692016
11250;11250;12;384;0,00328141
11250;11250;12;400;0,001708624
11250;11250;12;416;0,003187236
11250;11250;12;432;0,001614193
11250;11250;12;448;0,003133224
11250;11250;12;464;0,001611533
11250;11250;12;480;0,001596657
11250;11250;12;496;0,001573862
11250;11250;12;512;0,001631129
11250;11250;12;528;0,00170347
11250;11250;12;544;0,001697609
11250;11250;12;560;0,003189855
11250;11250;12;576;0,001703941
11250;11250;12;592;0,003279922
11250;11250;12;608;0,001608994
11250;11250;12;624;0,003280246
11250;11250;12;640;0,001698063
11250;11250;12;656;0,001558124
11250;11250;12;672;0,001608994
11250;11250;12;688;0,001575882
11250;11250;12;704;0,001624341
11250;11250;12;720;0,001711816
11250;11250;12;736;0,003148712
11250;11250;12;752;0,001662153
11250;11250;12;768;0,003280418
11250;11250;12;784;0,001643509
11250;11250;12;800;0,003278263
11250;11250;12;816;0,001643211
11250;11250;12;832;0,00328141
11250;11250;12;848;0,001614512
11250;11250;12;864;0,001568274
11250;11250;12;880;0,001616332
11250;11250;12;896;0,001611795
11250;11250;12;912;0,001611968
11250;11250;12;928;0,001703941
11250;11250;12;944;0,003191265
11250;11250;12;960;0,001613615
11250;11250;12;976;0,003136562
11250;11250;12;992;0,001700403
11250;11250;12;1008;0,003224212
11250;11250;12;1024;0,001664483
20000;20000;2;16;0,004984765
20000;20000;2;32;0,002290568
20000;20000;2;48;0,00178382
20000;20000;2;64;0,004617673
20000;20000;2;80;0,004461083
20000;20000;2;96;0,005992451
20000;20000;2;112;0,001717473
20000;20000;2;128;0,002088619
20000;20000;2;144;0,004786894
20000;20000;2;160;0,005362474
20000;20000;2;176;0,001818144
20000;20000;2;192;0,002067662
20000;20000;2;208;0,00486868
20000;20000;2;224;0,004548455
20000;20000;2;240;0,004817229
20000;20000;2;256;0,004941551
20000;20000;2;272;0,002145469
20000;20000;2;288;0,001655507
20000;20000;2;304;0,005079107
20000;20000;2;320;0,005778984
20000;20000;2;336;0,001738394
20000;20000;2;352;0,001761742
20000;20000;2;368;0,005041798
20000;20000;2;384;0,002021562
20000;20000;2;400;0,001601234
20000;20000;2;416;0,005586507
20000;20000;2;432;0,001831579
20000;20000;2;448;0,001585852
20000;20000;2;464;0,001513886
20000;20000;2;480;0,001577577
20000;20000;2;496;0,002117277
20000;20000;2;512;0,004953983
20000;20000;2;528;0,005984776
20000;20000;2;544;0,001715382
20000;20000;2;560;0,001990444
20000;20000;2;576;0,001858851
20000;20000;2;592;0,004432748
20000;20000;2;608;0,004676665
20000;20000;2;624;0,004577039
20000;20000;2;640;0,004828727
20000;20000;2;656;0,004492003
20000;20000;2;672;0,004422805
20000;20000;2;688;0,004912212
20000;20000;2;704;0,004420246
20000;20000;2;720;0,005375099
20000;20000;2;736;0,002444175
20000;20000;2;752;0,002039522
20000;20000;2;768;0,005958008
20000;20000;2;784;0,002271604
20000;20000;2;800;0,001662598
20000;20000;2;816;0,004979345
20000;20000;2;832;0,006003261
20000;20000;2;848;0,001617144
20000;20000;2;864;0,001652754
20000;20000;2;880;0,001411931
20000;20000;2;896;0,002042718
20000;20000;2;912;0,0027522
20000;20000;2;928;0,001890589
20000;20000;2;944;0,001638292
20000;20000;2;960;0,004804507
20000;20000;2;976;0,004449236
20000;20000;2;992;0,005054138
20000;20000;2;1008;0,004453214
20000;20000;2;1024;0,005493043
20000;20000;4;16;0,004343718
20000;20000;4;32;0,00480757
20000;20000;4;48;0,004959716
20000;20000;4;64;0,001668575
20000;20000;4;80;0,002286119
20000;20000;4;96;0,004311877
20000;20000;4;112;0,004985809
20000;20000;4;128;0,004350227
20000;20000;4;144;0,006091277
20000;20000;4;160;0,00193594
20000;20000;4;176;0,001655592
20000;20000;4;192;0,004483453
20000;20000;4;208;0,001551111
20000;20000;4;224;0,00170103
20000;20000;4;240;0,002209211
20000;20000;4;256;0,004797045
20000;20000;4;272;0,002267143
20000;20000;4;288;0,001619515
20000;20000;4;304;0,004879858
20000;20000;4;320;0,004756865
20000;20000;4;336;0,004420743
20000;20000;4;352;0,004936833
20000;20000;4;368;0,005702927
20000;20000;4;384;0,001629219
20000;20000;4;400;0,00178101
20000;20000;4;416;0,004442193
20000;20000;4;432;0,005019479
20000;20000;4;448;0,00570243
20000;20000;4;464;0,001769329
20000;20000;4;480;0,001638307
20000;20000;4;496;0,004537141
20000;20000;4;512;0,004676994
20000;20000;4;528;0,004911964
20000;20000;4;544;0,005605922
20000;20000;4;560;0,001868219
20000;20000;4;576;0,002752163
20000;20000;4;592;0,001768065
20000;20000;4;608;0,001760694
20000;20000;4;624;0,005959619
20000;20000;4;640;0,001624788
20000;20000;4;656;0,001666078
20000;20000;4;672;0,001527843
20000;20000;4;688;0,001752975
20000;20000;4;704;0,001780518
20000;20000;4;720;0,005829425
20000;20000;4;736;0,00161075
20000;20000;4;752;0,001719445
20000;20000;4;768;0,00134229
20000;20000;4;784;0,002548014
20000;20000;4;800;0,001576249
20000;20000;4;816;0,004541234
20000;20000;4;832;0,004425215
20000;20000;4;848;0,005006756
20000;20000;4;864;0,004959453
20000;20000;4;880;0,001872582
20000;20000;4;896;0,00157603
20000;20000;4;912;0,001251343
20000;20000;4;928;0,001561364
20000;20000;4;944;0,001649113
20000;20000;4;960;0,002021334
20000;20000;4;976;0,001682394
20000;20000;4;992;0,00170347
20000;20000;4;1008;0,005021899
20000;20000;4;1024;0,001658067
20000;20000;6;16;0,005067136
20000;20000;6;32;0,001874487
20000;20000;6;48;0,001622375
20000;20000;6;64;0,001701401
20000;20000;6;80;0,002004527
20000;20000;6;96;0,005962225
20000;20000;6;112;0,002765565
20000;20000;6;128;0,00191013
20000;20000;6;144;0,001913391
20000;20000;6;160;0,00206791
20000;20000;6;176;0,004300049
20000;20000;6;192;0,005524835
20000;20000;6;208;0,001717473
20000;20000;6;224;0,00243033
20000;20000;6;240;0,004596795
20000;20000;6;256;0,004441279
20000;20000;6;272;0,005014437
20000;20000;6;288;0,005816847
20000;20000;6;304;0,002860605
20000;20000;6;320;0,004495484
20000;20000;6;336;0,004373972
20000;20000;6;352;0,001416362
20000;20000;6;368;0,001557566
20000;20000;6;384;0,001640544
20000;20000;6;400;0,001387771
20000;20000;6;416;0,001708505
20000;20000;6;432;0,001668504
20000;20000;6;448;0,004616325
20000;20000;6;464;0,004426706
20000;20000;6;480;0,001167554
20000;20000;6;496;0,001600259
20000;20000;6;512;0,001623087
20000;20000;6;528;0,001450487
20000;20000;6;544;0,002167856
20000;20000;6;560;0,00171316
20000;20000;6;576;0,004520845
20000;20000;6;592;0,006095592
20000;20000;6;608;0,0022427
20000;20000;6;624;0,001703941
20000;20000;6;640;0,005311697
20000;20000;6;656;0,002135953
20000;20000;6;672;0,001714769
20000;20000;6;688;0,005190385
20000;20000;6;704;0,005006975
20000;20000;6;720;0,001755533
20000;20000;6;736;0,001592568
20000;20000;6;752;0,004405338
20000;20000;6;768;0,002780908
20000;20000;6;784;0,002158141
20000;20000;6;800;0,004912204
20000;20000;6;816;0,005740775
20000;20000;6;832;0,002098498
20000;20000;6;848;0,002242431
20000;20000;6;864;0,005501952
20000;20000;6;880;0,002751716
20000;20000;6;896;0,001843894
20000;20000;6;912;0,001585873
20000;20000;6;928;0,001882832
20000;20000;6;944;0,001641434
20000;20000;6;960;0,001994005
20000;20000;6;976;0,001749446
20000;20000;6;992;0,006047022
20000;20000;6;1008;0,001784313
20000;20000;6;1024;0,001627997
20000;20000;8;16;0,004346747
20000;20000;8;32;0,002396482
20000;20000;8;48;0,002832316
20000;20000;8;64;0,005150574
20000;20000;8;80;0,005817841
20000;20000;8;96;0,002039782
20000;20000;8;112;0,001810589
20000;20000;8;128;0,001913995
20000;20000;8;144;0,001556115
20000;20000;8;160;0,00454571
20000;20000;8;176;0,005020334
20000;20000;8;192;0,005057716
20000;20000;8;208;0,004923401
20000;20000;8;224;0,001816473
20000;20000;8;240;0,001925026
20000;20000;8;256;0,004414355
20000;20000;8;272;0,004409881
20000;20000;8;288;0,001533435
20000;20000;8;304;0,002422291
20000;20000;8;320;0,001657676
20000;20000;8;336;0,005892863
20000;20000;8;352;0,001702581
20000;20000;8;368;0,001654712
20000;20000;8;384;0,001209985
20000;20000;8;400;0,002372838
20000;20000;8;416;0,00156094
20000;20000;8;432;0,00477297
20000;20000;8;448;0,004413713
20000;20000;8;464;0,005187555
20000;20000;8;480;0,005162011
20000;20000;8;496;0,001673426
20000;20000;8;512;0,001724729
20000;20000;8;528;0,001320357
20000;20000;8;544;0,002725404
20000;20000;8;560;0,001932318
20000;20000;8;576;0,002280999
20000;20000;8;592;0,00174328
20000;20000;8;608;0,005022894
20000;20000;8;624;0,001576595
20000;20000;8;640;0,001663168
20000;20000;8;656;0,001383983
20000;20000;8;672;0,002095058
20000;20000;8;688;0,001921963
20000;20000;8;704;0,004805005
20000;20000;8;720;0,005702927
20000;20000;8;736;0,002760615
20000;20000;8;752;0,001226749
20000;20000;8;768;0,001567891
20000;20000;8;784;0,001799727
20000;20000;8;800;0,005100001
20000;20000;8;816;0,005012447
20000;20000;8;832;0,004896041
20000;20000;8;848;0,002260232
20000;20000;8;864;0,002587409
20000;20000;8;880;0,001564872
20000;20000;8;896;0,001641926
20000;20000;8;912;0,001215307
20000;20000;8;928;0,002378268
20000;20000;8;944;0,001648126
20000;20000;8;960;0,004716777
20000;20000;8;976;0,005995304
20000;20000;8;992;0,00171513
20000;20000;8;1008;0,001587739
20000;20000;8;1024;0,001639371
20000;20000;10;16;0,007010233
20000;20000;10;32;0,001653639
20000;20000;10;48;0,004784206
20000;20000;10;64;0,002217018
20000;20000;10;80;0,001875439
20000;20000;10;96;0,004741951
20000;20000;10;112;0,004600909
20000;20000;10;128;0,003967125
20000;20000;10;144;0,001339392
20000;20000;10;160;0,00186674
20000;20000;10;176;0,001918727
20000;20000;10;192;0,00521392
20000;20000;10;208;0,001872832
20000;20000;10;224;0,001593632
20000;20000;10;240;0,001228361
20000;20000;10;256;0,00183305
20000;20000;10;272;0,001574629
20000;20000;10;288;0,004397387
20000;20000;10;304;0,001277828
20000;20000;10;320;0,001561633
20000;20000;10;336;0,002186196
20000;20000;10;352;0,005157209
20000;20000;10;368;0,005998918
20000;20000;10;384;0,001595022
20000;20000;10;400;0,001647929
20000;20000;10;416;0,001529106
20000;20000;10;432;0,00171513
20000;20000;10;448;0,002220968
20000;20000;10;464;0,00443921
20000;20000;10;480;0,005695963
20000;20000;10;496;0,0016671
20000;20000;10;512;0,002074565
20000;20000;10;528;0,005199991
20000;20000;10;544;0,004790578
20000;20000;10;560;0,005121889
20000;20000;10;576;0,001929164
20000;20000;10;592;0,002752188
20000;20000;10;608;0,001708143
20000;20000;10;624;0,001984519
20000;20000;10;640;0,004918178
20000;20000;10;656;0,004773167
20000;20000;10;672;0,002017125
20000;20000;10;688;0,001977399
20000;20000;10;704;0,00504926
20000;20000;10;720;0,005405596
20000;20000;10;736;0,001068552
20000;20000;10;752;0,001681025
20000;20000;10;768;0,001383459
20000;20000;10;784;0,001796279
20000;20000;10;800;0,001867662
20000;20000;10;816;0,005215267
20000;20000;10;832;0,004904254
20000;20000;10;848;0,001772072
20000;20000;10;864;0,001584191
20000;20000;10;880;0,001605257
20000;20000;10;896;0,002135858
20000;20000;10;912;0,001780168
20000;20000;10;928;0,006052492
20000;20000;10;944;0,001872622
20000;20000;10;960;0,001624118
20000;20000;10;976;0,001694324
20000;20000;10;992;0,001871989
20000;20000;10;1008;0,00202163
20000;20000;10;1024;0,002278881
20000;20000;12;16;0,004492898
20000;20000;12;32;0,001671139
20000;20000;12;48;0,004387511
20000;20000;12;64;0,004863477
20000;20000;12;80;0,004379994
20000;20000;12;96;0,001155354
20000;20000;12;112;0,001734092
20000;20000;12;128;0,001847167
20000;20000;12;144;0,004387448
20000;20000;12;160;0,00120618
20000;20000;12;176;0,001844186
20000;20000;12;192;0,001638198
20000;20000;12;208;0,004688266
20000;20000;12;224;0,004333734
20000;20000;12;240;0,001525554
20000;20000;12;256;0,001646556
20000;20000;12;272;0,001672229
20000;20000;12;288;0,004638055
20000;20000;12;304;0,004466641
20000;20000;12;320;0,00119865
20000;20000;12;336;0,002125935
20000;20000;12;352;0,002000528
20000;20000;12;368;0,004695376
20000;20000;12;384;0,004463072
20000;20000;12;400;0,004623639
20000;20000;12;416;0,004500557
20000;20000;12;432;0,004936335
20000;20000;12;448;0,004421314
20000;20000;12;464;0,005719841
20000;20000;12;480;0,001919388
20000;20000;12;496;0,001682938
20000;20000;12;512;0,004408248
20000;20000;12;528;0,001400663
20000;20000;12;544;0,00179426
20000;20000;12;560;0,002049888
20000;20000;12;576;0,004404841
20000;20000;12;592;0,005861121
20000;20000;12;608;0,002240414
20000;20000;12;624;0,001650293
20000;20000;12;640;0,004788183
20000;20000;12;656;0,005701461
20000;20000;12;672;0,002410447
20000;20000;12;688;0,001563752
20000;20000;12;704;0,006068066
20000;20000;12;720;0,001636938
20000;20000;12;736;0,001794753
20000;20000;12;752;0,0019044
20000;20000;12;768;0,001732232
20000;20000;12;784;0,004772772
20000;20000;12;800;0,00586908
20000;20000;12;816;0,002332377
20000;20000;12;832;0,002040016
20000;20000;12;848;0,004970126
20000;20000;12;864;0,002039313
20000;20000;12;880;0,001826309
20000;20000;12;896;0,004860264
20000;20000;12;912;0,004529299
20000;20000;12;928;0,005656674
20000;20000;12;944;0,001657575
20000;20000;12;960;0,001831572
20000;20000;12;976;0,001261065
20000;20000;12;992;0,001589703
20000;20000;12;1008;0,002441565
20000;20000;12;1024;0,004850274
